item,category,question,gold_answer,predicted_answer,your_verdict_Y_or_N
1,cat2-temporal,When will John start his new job?,"In July, 2022",11 July 2022,
2,cat2-temporal,When did Jolene lose a lot of progress in her work?,last week of July 2023,25 July 2023,
3,cat4,What kind of books does Caroline have in her library?,"kids' books - classics, stories from different cultures, educational books","Caroline has classics, stories from different cultures, and educational books in her library.",
4,cat4,What recipe Nate offer to share with Joanna?,vegan ice cream recipe,Nate offered to share a dairy-free ice cream recipe using coconut milk.,
5,cat4,What does John feel about starting the journey as a programming mentor for game developers?,excited and inspired,John is really excited to share his knowledge and motivate people who are passionate about gaming.,
6,cat2-temporal,When did Maria's grandmother pass away?,The week before 6 March 2023,1 March 2023,
7,cat4,How does Calvin describe his process of adding electronic elements to his songs?,gives them a fresh vibe,Calvin describes it as giving his songs a fresh vibe and an exciting process of self-discovery and growth.,
8,cat4,What does Dave do when he feels his creativity is frozen?,immerse himself in something he loves,"Dave immerses himself in something he loves, like concerts or his favorite albums, to jumpstart his inspiration. He also suggests taking a break from music and exploring other things.",
9,cat1,What type of volunteering have John and Maria both done?,Volunteering at a homeless shelter,"Both John and Maria have volunteered to help others, with Maria specifically mentioning volunteering at a homeless shelter.",
10,cat4,What was Deborah's mom passionate about?,Cooking,"Deborah's mom was passionate about cooking, art, and travel.",
11,cat4,What did Melanie and her family do while camping?,"explored nature, roasted marshmallows, and went on a hike","They roasted marshmallows, told stories around the campfire, explored nature, and went on hikes.",
12,cat2-temporal,When did John take a trip to the Rocky Mountains?,2022,14 December 2022,
13,cat4,What was Johns's reaction to sealing the deal with the beverage company?,"crazy feeling, sense of accomplishment","John felt it was a total dream come true and crazy, expressing that it was not just about the signing but about feeling like all the hard work paid off.",
14,cat3,"Would Melanie likely enjoy the song ""The Four Seasons"" by Vivaldi?",Yes; it's classical music,YES,
15,cat4,What was Deborah's mom passionate about?,Cooking,"Deborah's mom was passionate about travel, art, and cooking.",
16,cat1,Which of Deborah`s family and friends have passed away?,"mother, father, her friend Karlie","Deborah's father and her mother have passed away. Additionally, a friend of Deborah's has also passed away.",
17,cat4,Where did John explore on a road trip last year?,Pacific Northwest,Pacific Northwest coast,
18,cat4,What did Maria make for her home to remind her of a trip to England?,painting of a castle on a hill,Maria made a painting of a castle inspired by her trip to England.,
19,cat4,What kind of assignment was giving John a hard time at work?,Coding assignment,John was struggling with a difficult coding project and a complicated algorithm for that project.,
20,cat1,What health scares did Sam and Evan experience?,"Sam faced a health scare with stomach pains that turned out to be gastritis, prompting him to rethink his health habits. Evan, on the other hand, experienced two separate incidents: a sudden heart palpitation incident and a different event involving a misunderstanding during a medical check-up. These experiences have significantly influenced their perspectives on health and well-being.","Sam had a health scare on October 14, 2023, diagnosed as gastritis. Evan experienced a health scare with sudden heart palpitations around June 1, 2023, and another scare around November 14, 2023, when something suspicious was found during a check-up, but it was later clarified as a misunderstanding.",
21,cat2-temporal,When did Gina team up with a local artist for some cool designs?,"February, 2023",8 February 2023,
22,cat1,What is something Nate gave to Joanna that brings her a lot of joy?,stuffed toy pup,The cute stuffed animal Nate gave to Joanna.,
23,cat2-temporal,When did John plan his next meeting with his siblings?,"In September, 2022",21 September 2022,
24,cat4,What is Calvin's biggest current goal?,expand his brand worldwide and grow his fanbase,"Calvin's biggest current goal is to expand his brand worldwide, grow his fanbase, and collaborate with artists globally to create impactful music.",
25,cat4,What does John think about trying new classes at the yoga studio?,Trying new classes is a fun way to switch up the exercise routine.,John thinks that trying new stuff is a great way to push yourself and mix things up.,
26,cat4,What did Jon say about Gina's progress with her store?,hard work's paying off,"Jon congratulated Gina on her store, saying, ""All your hard work really paid off - congrats!"" and later mentioned, ""Your store looks great, I remember it!""",
27,cat3,What role does nature and the outdoors play in Evan and Sam's mental well-being?,Nature and outdoor activities seem to be significant stress relievers and sources of joy for both Evan and Sam. These activities likely contribute positively to their mental well-being.,"Nature and the outdoors play a calming and peaceful role in Evan and Sam's mental well-being. They both find that being in nature helps them relax, revives their spirits, and provides clarity. Evan mentions that nature can push a reset button for the mind and body, while Sam appreciates the fresh air and escape from the city.",
28,cat2-temporal,When did Evan's son fall off his bike?,"Thursday before December 17, 2023.",12 December 2023,
29,cat4,Why did Jolene decide to get a snake as a pet?,fascinated by reptiles and it felt like the perfect pet,"Jolene decided to get a snake as a pet because she was fascinated by reptiles, it felt like the perfect pet for her, and taking care of it has been really calming, providing a great way to connect with nature.",
30,cat1,How did Evan get into painting?,His friend got him into it by gifting him a painting and giving him some advice. The painting inspired Evan.,"Evan got into painting when a friend gave him a painting one day, which inspired him a lot. He then joined classes to find like-minded people and show them what he can do.",
31,cat2-temporal,When did Deborah go to a community meetup?,last week of August 2023,1 September 2023,
32,cat4,What is Jon offering to the dancers at his dance studio?,One-on-one mentoring and training,"Jon is offering dance classes, workshops, one-on-one mentoring, and training to help dancers reach their full potential.",
33,cat2-temporal,Which week did Tim visit the UK for the Harry Potter Conference?,"The week before October 13th, 2023.",6 October 2023,
34,cat4,Why does John like Aragorn from Lord of the Rings?,"brave, selfless, down-to-earth attitude","John likes Aragorn because of his brave, selfless, down-to-earth attitude, and he is inspired by Aragorn's perseverance and commitment to justice.",
35,cat2-temporal,When did Andrew and his girlfriend go on a wine tasting trip?,"the weekend before October 24, 2023",21 October 2023,
36,cat2-temporal,When did James adopt Ned?,first week of April 2022,5 April 2022,
37,cat4,Why did Dave start working on cars?,Fascinated with how machines work,"Dave started working on cars because he was fascinated with how machines work since he was ten, and he found an old car in a neighbor's garage that he wanted to fix. This experience sparked his love for car engineering.",
38,cat1,What style of guitars does Calvin own?,"custom-made yellow guitar with an octopus on it, shiny purple guitar",Calvin owns a custom guitar with a shiny purple finish and a custom guitar featuring an octopus design.,
39,cat2-temporal,When did Jon start learning marketing and analytics tools?,"July, 2023",9 July 2023,
40,cat2-temporal,When did a mishap occur with Calvin's musical gear and favorite mic?,"On a week before 16 May, 2023",9 May 2023,
41,cat4,"What did Caroline take away from the book ""Becoming Nicole""?",Lessons on self-acceptance and finding support,"Caroline learned the importance of self-acceptance, finding support, and that tough times don't last, emphasizing hope and love.",
42,cat2-temporal,When did Andrew start his new job as a financial analyst?,"The week before March 27, 2023",20 March 2023,
43,cat1,What was Dave doing in San Francisco?,attending a car modification workshop,Dave attended a car workshop in San Francisco where he learned about car restoration techniques.,
44,cat1,Which endorsement deals has John been offered?,"basketball shoes and gear deal with Nike, potential sponsorship with Gatorade, Moxie a popular beverage company, outdoor gear company","John has been offered endorsement deals with Nike for a basketball shoe and gear, Gatorade for a potential sponsorship, and a popular beverage company. He also received top-notch hiking and outdoor gear from a renowned outdoor gear company.",
45,cat2-temporal,When did Evan have his sudden heart palpitation incident that really shocked him up?,first week of June 2023,01 June 2023,
46,cat2-temporal,When did Deborah go to a community meetup?,last week of August 2023,25 August 2023,
47,cat2-temporal,When did Joanna's laptop crash?,"The week before 14September, 2022",7 September 2022,
48,cat2-temporal,When did Gina start being recognized by fashion editors?,July 2023,2 July 2023,
49,cat4,What specific location in Tokyo does Calvin mention being excited to explore?,Shinjuku,Shibuya Crossing and Shinjuku,
50,cat4,How often does John take his kids to the park?,A few times a week,John goes to the park a few times a week.,
51,cat4,How did Melanie feel while watching the meteor shower?,in awe of the universe,Melanie felt awe-inspiring and connected to the universe while watching the meteor shower.,
52,cat2-temporal,When was Calvin's concert in Tokyo?,last week of May 2023,24 May 2023,
53,cat4,What suggestions did Evan give for low-impact exercises?,"swimming, yoga, walking","Evan suggested swimming, yoga, walking, and going on beach sunsets as low-impact exercises.",
54,cat4,How does Jolene plan to involve local engineers in her idea of teaching STEM to underprivileged kids?,As guest speakers for workshops,Jolene plans to invite engineers as guest speakers for the volunteer program to provide kids with real-world career options.,
55,cat4,What does John do to stay informed and constantly learn about game design?,watch tutorials and keep up with developer forums,"John uses a book filled with tips and insights on game design, along with tutorials and developer forums, to improve his game development skills.",
56,cat1,what are John's goals with regards to his basketball career?,"improve shooting percentage, win a championship","John's goals in his basketball career are to win a championship and to make a difference in the community through charity work. Additionally, his goal for the season is to improve his shooting percentage.",
57,cat4,Why do Tim and John find LeBron inspiring?,LeBron's determination and the epic block in Game 7 of the '16 Finals,"Tim finds LeBron inspiring because of his epic block in a Finals game that changed the game and exemplified the idea of never giving up. John finds LeBron inspiring due to his moments of determination and heart, which motivate him to push himself.",
58,cat2-temporal,How long ago was Caroline's 18th birthday?,10 years ago,14 July 2013,
59,cat4,How did John get introduced to basketball?,Dad signed him up for a local league,"John was introduced to basketball by watching NBA games with his dad, who signed him up for a local league when he turned ten.",
60,cat2-temporal,When did Caroline give a speech at a school?,The week before 9 June 2023,2 June 2023,
61,cat4,What inspired John to join the marching event for veterans' rights?,Respect for the military and the desire to show support,John was inspired to join the marching event for veterans' rights because he wanted to show support for veterans and remember their sacrifices.,
62,cat2-temporal,When did Andrew and his girlfriend go fishing?,"weekend before August 24, 2023",20 August 2023,
63,cat4,Which dairy-free dessert flavors does Nate enjoy?,chocolate and mixed berry,"Nate enjoys coconut milk, chocolate, and mixed berry flavors for dairy-free desserts.",
64,cat3,Does Calvin wish to become more popular?,Yes; he want's to grow his fanbase,Yes.,
65,cat4,What has Jolene been focusing on lately besides studying?,relationship with her partner,"Jolene has been focusing on her relationship with her partner, maintaining balance in her personal life, and self-care activities like yoga and meditation.",
66,cat2-temporal,When will Tim leave for Ireland?,"February, 2024",14 February 2024,
67,cat4,What does Joanna do after receiving a rejection from a production company?,keep grinding and moving ahead,Joanna is determined to keep moving forward.,
68,cat2-temporal,When did Evan start taking painting classes?,"Few days before 19 August, 2023.",16 August 2023,
69,cat4,What kind of books does Caroline have in her library?,"kids' books - classics, stories from different cultures, educational books","Caroline's library is filled with classics, stories from different cultures, and educational books.",
70,cat2-temporal,When is Tim attending a book conference?,September 2023,17 September 2023,
71,cat4,What did John celebrate at a restaurant with teammates?,a tough win,John celebrated their recent basketball game win at a restaurant.,
72,cat4,What kind of modifications has Dave been working on in the car mod workshop?,"engine swaps, suspension modifications, and body modifications","Dave has been working on engine swaps, suspension modifications, and learning about body modifications.",
73,cat4,How did Melanie feel about her family supporting her?,She appreciated them a lot,"Melanie felt grateful for the support of her husband and kids, who keep her motivated.",
74,cat1,What kind of classes or groups has Audrey joined to take better care of her dogs?,"positive reinforcement training workshop to bond with pets, dog training course, agility training course, grooming course, dog-owners group","Audrey has joined a dog owners group, a positive reinforcement training class, agility classes, and taken a dog grooming course.",
75,cat4,What pets does Melanie have?,Two cats and a dog,Melanie has a dog named Luna and a cat named Oliver. She also has a new cat named Bailey.,
76,cat4,What city did Tim suggest to John for the team trip next month?,"Edinburgh, Scotland",Edinburgh,
77,cat4,Which activity has John done apart from yoga at the studio?,weight training,"Kickboxing, circuit training, and weight training.",
78,cat2-temporal,When is Caroline going to the transgender conference?,July 2023,14 July 2023,
79,cat2-temporal,When did John and his wife go on a European vacation?,"November, 2023.",6 November 2023,
80,cat2-temporal,When is Nate hosting a gaming party?,"The weekend after 3June, 2022.",17 June 2022,
81,cat2-temporal,When is Caroline going to the transgender conference?,July 2023,14 July 2023,
82,cat4,How did Joanna describe the classic movie he watched?,gripping with great actors,"Joanna described the classic movie as awesome, with a gripping story and great actors. It really stuck with her.",
83,cat1,Which types of cars does Dave like the most?,classic vintage cars,Dave likes classic cars the most.,
84,cat2-temporal,When did James volunteer at an organization?,May 2022,19 May 2022,
85,cat4,What kind of books does Nate enjoy?,Adventures and magic,"Nate enjoys books with adventures, magic, great characters, awesome battles, and interesting characters.",
86,cat2-temporal,When did Nate take time off to chill with his pets?,"The weekend of 22August, 2022.",22 August 2022,
87,cat4,How does Gina describe the studio that Jon has opened?,amazing,"Gina describes the studio as amazing, awesome, and something that Jon has put a lot of work into. She expresses excitement for the launch and believes it will make a huge difference, highlighting Jon's positivity and determination.",
88,cat2-temporal,When did Joanna finish up the writing for her book?,"The week before 6October, 2022",1 October 2022,
89,cat4,What does Joanna do after receiving a rejection from a production company?,keep grinding and moving ahead,"Joanna works hard on another script, creates a plan for getting it made into a movie, and pitches it to some producers.",
90,cat4,Which movie does Tim mention they enjoy watching during Thanksgiving?,"""Home Alone""","""Home Alone"" and ""Elf"".",
91,cat4,Why did Audrey think positive reinforcement training is important for pets?,To have pets learn how to behave in a positive way,Audrey believes that positive reinforcement is important for training pets because it helps them learn quickly and improves their training experience.,
92,cat2-temporal,When was Sam in the ER?,"weekend before 17 October, 2023.",14 October 2023,
93,cat2-temporal,When was John's old area hit with a flood?,The week before 7 July 2023,01 July 2023,
94,cat4,How did Melanie feel about her family supporting her?,She appreciated them a lot,Melanie felt that her family's love and support helped her through tough times and meant the world to her. She expressed gratitude for having them in her life.,
95,cat1,What is Dave's main passion?,auto engineering,"Dave's main passion is cars, specifically car modifications and fixing things.",
96,cat2-temporal,When did Maria adopt Shadow?,The week before 13 August 2023,6 August 2023,
97,cat2-temporal,When did John get married at a greenhouse?,last week of September 2023,25 September 2023,
98,cat2-temporal,When did John go to a convention with colleagues?,March 2023,18 March 2023,
99,cat4,What does Caroline's drawing symbolize for her?,Freedom and being true to herself.,"Caroline's drawing symbolizes freedom and being true to herself, serving as a reminder to embrace her womanhood.",
100,cat1,What exercises has John done?,"Weight training, Circuit training, Kickboxing, yoga","Weight training, yoga, kickboxing, circuit training, and rock climbing.",
101,cat4,How did Nate feel about sharing his love for dairy-free desserts with Joanna?,Happy to share,Nate felt that sharing his love for dairy-free desserts was fun and rewarding.,
102,cat4,How does Jolene plan to pursue her dream of learning to surf?,"gathering information, watching videos, getting a beginners' guide","Jolene plans to pursue her dream of learning to surf by gathering information, watching videos, and using a beginners' guide to surfing. She feels motivated and is determined to find the right time and place for a lesson. Additionally, she plans to try surfing with Deborah next month.",
103,cat2-temporal,When did Gina start being recognized by fashion editors?,July 2023,9 July 2023,
104,cat4,What type of movies does Nate enjoy watching the most?,action and sci-fi,"Nate enjoys watching fantasy, sci-fi, and action movies the most.",
105,cat2-temporal,When did John organize a basketball camp for kids?,summer 2023,14 July 2023,
106,cat4,What kind of deal did John get in December?,Deal with a renowned outdoor gear company,John got an amazing deal with a renowned outdoor gear company and also received an endorsement deal with a popular beverage company.,
107,cat1,What outdoor activities does John enjoy?,"Hiking, surfing","Hiking, camping, and surfing.",
108,cat4,What pets does Melanie have?,Two cats and a dog,"Melanie has a dog named Oliver, a cat named Luna, and another cat named Bailey.",
109,cat4,What is Jon offering to the dancers at his dance studio?,One-on-one mentoring and training,"Jon is offering one-on-one mentoring and training, alongside dance classes and workshops, to help dancers reach their full potential.",
110,cat4,What kind of games is James excited to play with his new video card?,RPGs,James is excited to play RPGs and strategy games.,
111,cat2-temporal,When did Evan start taking painting classes?,"Few days before 19 August, 2023.",16 August 2023,
112,cat2-temporal,When was Evan's son injured at soccer?,"Saturday before August 15, 2023.",12 August 2023,
113,cat2-temporal,When did Deborah visit Brazil?,2020,30 August 2020,
114,cat2-temporal,When was Evan's son injured at soccer?,"Saturday before August 15, 2023.",12 August 2023,
115,cat2-temporal,When did someone write Joanna a touching letter?,"The week before 14August, 2022.",7 August 2022,
116,cat2-temporal,When will Evan and his partner have their honeymoon in Canada?,February 2024,14 February 2024,
117,cat2-temporal,When did Calvin plan on travelling to Tokyo the second time?,November 2023,19 November 2023,
118,cat2-temporal,When did John get married at a greenhouse?,last week of September 2023,25 September 2023,
119,cat4,What did Gina want her customers to feel in her store?,cozy and comfortable,Gina wanted her customers to feel cozy and like they're in a cool oasis.,
120,cat4,What inspired James to create his game?,Witcher 3,"James was inspired to create his game by playing video games, particularly The Witcher 3, which influenced him with its amazing world and story. He was also inspired by his love for playing games like Civilization and Total War.",
121,cat1,What does Jon's dance studio offer?,"one-on-one metoring and training to dancers,  workshops and classes to local schools and centers","Jon's dance studio offers one-on-one mentoring and training, dance classes, workshops, and is hosting a dance competition.",
122,cat4,What tradition does Tim mention they love during Thanksgiving?,Prepping the feast and talking about what they're thankful for,"Tim mentions that they love prepping the feast, talking about what they're thankful for, and watching movies afterwards during Thanksgiving.",
123,cat2-temporal,When is Melanie planning on going camping?,June 2023,14 June 2023,
124,cat4,What encouragement does Nate give to Joanna after her setback?,"rejections don't define her, keep grinding and she'll find the perfect opportunity",Nate encouraged Joanna after her rejection by reminding her that rejections don't define her and to keep looking for opportunities.,
125,cat4,What did Joanna plan to do with the recipe Nate promised to share?,make it for her family,Joanna planned to surprise her family with something delicious.,
126,cat2-temporal,When did Caroline join a mentorship program?,The weekend before 17 July 2023,15 July 2023,
127,cat4,How does Jolene describe the time spent with her snakes and partner?,Valuable and relaxing,"Jolene describes the time spent with her snakes as valuable and calming, teaching her to be in tune with herself. She also finds playing video games with her partner after a long day to be a great way to relax.",
128,cat4,Why did Evan apologize to his partner?,for a drunken night,Evan apologized to his partner for an embarrassing incident involving roses after a drunken night out.,
129,cat4,What emotions did John feel during the small party with the veterans?,heartwarming,John felt heartened by the smiles and new friendships formed during the event with veterans.,
130,cat4,What activity did John and Max enjoy together last summer?,Camping,They enjoyed hiking and swimming together during a camping trip.,
131,cat4,Why did Melanie choose to use colors and patterns in her pottery project?,She wanted to catch the eye and make people smile.,"Melanie designed her colorful bowl to catch the eye and make people smile, and she explained that painting helps her express her feelings and creativity.",
132,cat2-temporal,When did Gina design a limited collection of hoodies?,June 2023,14 June 2023,
133,cat4,What does yoga on the beach provide for Deborah?,a peaceful atmosphere,"Yoga on the beach provides Deborah with a peaceful atmosphere, the sound of the waves, fresh air, and a relaxing environment for self-care.",
134,cat4,What emotions did John feel during the small party with the veterans?,heartwarming,"John felt heartwarming emotions, seeing smiles and new friendships, and a sense of community and togetherness.",
135,cat4,Which dairy-free dessert flavors does Nate enjoy?,chocolate and mixed berry,"Coconut milk, chocolate, mixed berry",
136,cat4,How did Audrey calm down her dog after the leash incident?,"Petted, hugged, spoke calmly and slowly walked the dog","Audrey calmed her dog down after the leash incident by petting, hugging, and speaking calmly to her, which strengthened their bond.",
137,cat2-temporal,When will John start his new job?,"In July, 2022",14 July 2022,
138,cat4,What did Maria say it was like being at the waterfall in Oregon?,Like being in a fairy tale,"Maria said it felt like she was in a fairy tale, the water sounded calming, and the surroundings were beautiful, describing it as truly magical.",
139,cat4,How does Jolene plan to pursue her dream of learning to surf?,"gathering information, watching videos, getting a beginners' guide","Jolene plans to pursue her dream of learning to surf by gathering information, watching videos, and using a beginners' guide to surfing. She also needs to find the right time and place to get a lesson.",
140,cat2-temporal,When did Caroline have a picnic?,The week before 6 July 2023,1 July 2023,
141,cat4,How did the flood impact the homes in John's old area?,Lots of homes were ruined.,The flood caused significant damage to homes due to poor infrastructure.,
142,cat4,What is the general sentiment about the upcoming grand opening?,excitement,The general sentiment about the upcoming grand opening is positive and excited. Both Gina and Jon express enthusiasm and anticipation for the event.,
143,cat1,What health scares did Sam and Evan experience?,"Sam faced a health scare with stomach pains that turned out to be gastritis, prompting him to rethink his health habits. Evan, on the other hand, experienced two separate incidents: a sudden heart palpitation incident and a different event involving a misunderstanding during a medical check-up. These experiences have significantly influenced their perspectives on health and well-being.",Sam had a health scare with a severe stomachache that led to a diagnosis of gastritis on 15 October 2023. Evan had a health scare with a sudden heart palpitation incident on 30 May 2023 and another scare that required a hospital visit due to something suspicious found during a check-up on 14 November 2023.,
144,cat4,What do Dave and Calvin agree on regarding their pursuits?,It's fulfilling and motivating,"They both have discovered something that brings them fulfillment and believe that together, they can do amazing things if they work together and stay motivated.",
145,cat4,What does Audrey do during dog playdates in the park?,chat with people while dogs make new friends,"Audrey plays fetch with a ball or frisbee, chats with other dog owners, and allows the dogs to mingle and make new friends.",
146,cat2-temporal,"When did Caroline meet up with her friends, family, and mentors?",The week before 9 June 2023,02 June 2023,
147,cat1,What gaming equipments did John buy or refurbish?,"Sennheiser headphones, Logitech mouse, gaming desk","John bought Sennheiser headphones, a Logitech mouse, and refurbished his gaming desk. He also bought a gaming PC with a powerful graphics card and a headset for immersive sound.",
148,cat1,What exercises has John done?,"Weight training, Circuit training, Kickboxing, yoga","John has done weight training, yoga, kickboxing, circuit training, and boot camps.",
149,cat2-temporal,When did John start boot camp with his family?,April.2023,4 April 2023,
150,cat2-temporal,When was Jolene in Bogota?,in summer 2022,14 July 2022,
151,cat4,What does Nate rely on for cheer and joy?,his turtles,Nate relies on his turtles and his dog Max for cheer and joy.,
152,cat4,How did John describe the team bond?,Awesome,"John described the team bond as awesome, stating it makes all the hard work worth it. He also mentioned that being surrounded by passionate teammates creates a strong bond, likening it to having a second family.",
153,cat1,What are the breeds of Audrey's dogs?,Mongrel mixed with Lab for Pepper and Panda. Mongrel mixed with Chihuahua for Precious and Pixie.,Audrey has two dogs that are Lab mixes and two dogs that are Chihuahua mixes.,
154,cat2-temporal,When did Maria start volunteering at the homeless shelter?,Around August 2022,3 August 2022,
155,cat2-temporal,When did Maria go hiking with her church friends?,The weekend before 22 July 2023,16 July 2023,
156,cat4,What did Nate think of the coconut milk ice cream he made?,"Super good, rich and creamy","Nate found the coconut milk ice cream to be rich and creamy, potentially becoming his new favorite snack.",
157,cat2-temporal,When did Dave take a trip to mountainous regions?,July 2023,14 July 2023,
158,cat4,What is the general sentiment about the upcoming grand opening?,excitement,"The general sentiment about the upcoming grand opening is positive and excited. Jon feels excited and ready, and Gina is supportive and enthusiastic about making great memories together.",
159,cat2-temporal,When did Evan start lifting weights?,October 2022,8 October 2022,
160,cat4,How is Gina's store doing?,The store is doing great.,"Gina's store is doing great, and she is enjoying the experience despite it being a lot of work. She has been keeping up with fashion trends and is determined to grow her customer base.",
161,cat2-temporal,When was Jon in Rome?,June 2023,14 June 2023,
162,cat2-temporal,When did Calvin book flight tickets to Boston?,last week of August 2023,26 August 2023,
163,cat1,What has Melanie painted?,"Horse, sunset, sunrise","Melanie has painted a sunflower, a horse, a sunset with a palm tree, and a lake sunrise.",
164,cat4,"What was the purpose of the gaming tournament organized by John on 31 October, 2022?",To raise money for a children's hospital,"The purpose of the gaming tournament organized by John on 31 October, 2022, was for a children's hospital.",
165,cat2-temporal,When is Andrew planning to go to the beach with his girlfriend?,November 2023,1 November 2023,
166,cat2-temporal,When is Jon's group performing at a festival?,"February, 2023",8 February 2023,
167,cat4,"According to Gina, what makes Jon a perfect mentor and guide?",His positivity and determination,Gina believes Jon's positivity and determination make him a perfect mentor and guide. She finds his determination and passion for dance inspiring and encourages him to keep going.,
168,cat2-temporal,When did Maria's grandmother pass away?,The week before 6 March 2023,1 March 2023,
169,cat1,Which community activities have Deborah and Anna participated in?,"yoga, running","Deborah and Anna have participated in a running group, yoga in the park, and a yoga class where they tried different dance poses.",
170,cat1,How does Andrew feel about his current work?,Stressful,Andrew has been feeling stressed due to work piling up and misses the peace and freedom of hiking.,
171,cat2-temporal,When was Deborah in Bali?,in 2022,14 February 2022,
172,cat4,What type of movies does Nate enjoy watching the most?,action and sci-fi,"Nate enjoys watching action, sci-fi, and fantasy movies the most.",
173,cat4,What did John take away from visiting the veteran's hospital?,appreciation for giving back,John appreciated what the veterans have and the need to give back. He was filled with hope and reminded of his desire to join the military after hearing inspiring and heartbreaking stories from an elderly veteran named Samuel.,
174,cat2-temporal,When did James adopt Ned?,first week of April 2022,5 April 2022,
175,cat4,What do Calvin and Dave use to reach their goals?,Hard work and determination,"Calvin and Dave use hard work, determination, collaboration, and staying motivated to reach their goals.",
176,cat2-temporal,When is Evan planning a big family reunion?,Summer 2024,14 July 2024,
177,cat4,What did Joanna discover at the library in Woodhaven?,cool old book collection,Joanna discovered a cool old book collection and stumbled upon a super cool book from the 1900s with stories and sketches about the town and the people living there.,
178,cat2-temporal,When did Audrey move to a new place?,June 2023,26 June 2023,
179,cat2-temporal,When was Sam in the ER?,"weekend before 17 October, 2023.",14 October 2023,
180,cat4,What type of place does Jolene visit to meditate?,A tranquil spot by a pond,Jolene has a nearby tranquil spot where she meditates.,
181,cat2-temporal,When does John plan on traveling with his team on a team trip?,"October, 2023",21 October 2023,
182,cat4,What type of projects is Jolene interested in getting involved in the future?,Sustainable initiatives and developing innovative solutions for environmental issues,"Jolene is interested in projects that make a real difference to communities, sustainable initiatives, developing innovative solutions for environmental issues, and social causes.",
183,cat1,What accidents has Evan's son faced lately?,"injured at a soccer game, fell off his bike","Evan's son had a soccer accident on 12 August 2023, where he hurt his ankle, and a bike accident on 12 December 2023, where he fell off his bike.",
184,cat1,What accidents has Evan's son faced lately?,"injured at a soccer game, fell off his bike","Evan's son faced a soccer accident on August 12, 2023, where he hurt his ankle, and a bike accident on December 12, 2023.",
185,cat4,Which movie does Tim mention they enjoy watching during Thanksgiving?,"""Home Alone""",Tim mentions they enjoy watching 'Home Alone' and 'Elf' during Thanksgiving.,
186,cat2-temporal,When did John attend the Harry Potter trivia?,August 2023.,2 August 2023,
187,cat4,What is Caroline excited about in the adoption process?,creating a family for kids who need one,Caroline is excited about giving kids a loving home and turning her dream of having a family into a reality. She feels hopeful and optimistic about the process.,
188,cat2-temporal,When was Jolene in Bogota?,in summer 2022,14 July 2022,
189,cat2-temporal,What major achievement did Joanna accomplish in January 2022?,finished her screenplay and printed it,"Joanna finished her first full screenplay around January 21, 2022.",
190,cat4,What did Anthony and John end up playing during the charity event?,an intense Harry Potter trivia contest,Harry Potter trivia contest,
191,cat4,What motivated Caroline to pursue counseling?,"her own journey and the support she received, and how counseling improved her life","Caroline's motivation to pursue counseling stems from her own journey and the support she received, which significantly improved her life, leading her to want to help others. Additionally, her experience at the pride parade reinforced her interest in using her story to help others, and she is inspired by the help she received during her own struggles with mental health.",
192,cat4,What adventurous theme is emerging in Evan's life as mentioned by Sam?,helping lost tourists,Helping tourists is becoming a recurring theme in Evan's life.,
193,cat4,"How did Joanna feel on October 25, 2022 about seeing her characters come alive on the big screen?",surreal and cool,Joanna felt it was her favorite part and described it as totally surreal.,
194,cat1,What is Caroline's identity?,Transgender woman,Caroline's identity is that of a transgender individual.,
195,cat2-temporal,When did Evan's son fall off his bike?,"Thursday before December 17, 2023.",12 December 2023,
196,cat4,What were some difficulties James faced during the development of his game?,balancing mechanics and ensuring fairness,"James faced challenges in balancing mechanics and ensuring fairness, encountered a major snag due to a bug in the code that messed up the game mechanics, and spent hours trying to debug it without success.",
197,cat2-temporal,When did Caroline encounter people on a hike and have a negative experience?,The week before 25 August 2023,17 August 2023,
198,cat4,Why does John say he feels stuck and questioning his decisions and goals?,Not feeling like making much of an impact,John expressed feeling stuck and questioning his decisions and goals because he wants to positively affect people and the world.,
199,cat4,What did Melanie and her family do while camping?,"explored nature, roasted marshmallows, and went on a hike","Melanie and her family explored nature, roasted marshmallows, hiked, shared stories around the campfire, and enjoyed each other's company.",
